file|selector|declarations
site/data\character-presence-timeline.html|.kpi-card|flex: 1; min-width: 120px; background: var(--paper); border: 1px solid var(--line); border-radius: var(--radius-md) ; padding: 10px; text-align: center;
site/data\character-semantic-network.html|.kpi-card|background: var(--paper-warm); padding: 15px; border-radius: var(--radius-md) ; text-align: center;
site/data\heaven-power-network.html|.kpi-row .kpi-card|background: var(--paper-warm); border: 1px solid var(--line); border-top: 3px solid var(--accent); border-radius: 10px; padding: 14px 16px;
site/data\heaven-power-network.html|.kpi-row .kpi-card .label|font-size: 0.78rem; color: var(--ink-soft); letter-spacing: 0.04em;
site/data\heaven-power-network.html|.kpi-row .kpi-card .value|font-size: 1.9rem; font-weight: 700; color: var(--accent); font-family: var(--font-mono, monospace); line-height: 1.15;
site/data\heaven-power-network.html|.kpi-row .kpi-card .desc|font-size: 0.8rem; color: var(--ink-soft); margin-top: 4px;
site/data\heaven-power-network.html|.kpi-card.alt|border-top-color: var(--accent-2);
site/data\heaven-power-network.html|.kpi-card.alt-2|border-top-color: var(--accent-3);
site/data\heaven-power-network.html|.kpi-card.alt-3|border-top-color: var(--chart-4);
site/data\heaven-power-network.html|.kpi-card.alt .kpi-value|color: var(--accent-2);
site/data\heaven-power-network.html|.kpi-card.alt-2 .kpi-value|color: var(--accent-3);
site/data\heaven-power-network.html|.kpi-card.alt-3 .kpi-value|color: var(--chart-4);
site/data\monster-hierarchy-network.html|.kpi-row .kpi-card|background: var(--paper-warm); border: 1px solid var(--line); border-top: 3px solid var(--accent); border-radius: 10px; padding: 14px 16px;
site/data\monster-hierarchy-network.html|.kpi-row .kpi-card .label|font-size: 0.78rem; color: var(--ink-soft); letter-spacing: 0.04em;
site/data\monster-hierarchy-network.html|.kpi-row .kpi-card .value|font-size: 1.9rem; font-weight: 700; color: var(--accent); font-family: var(--font-mono, monospace); line-height: 1.15;
site/data\monster-hierarchy-network.html|.kpi-row .kpi-card .desc|font-size: 0.8rem; color: var(--ink-soft); margin-top: 4px;
site/data\monster-hierarchy-network.html|.kpi-card.alt|border-top-color: var(--accent-2);
site/data\monster-hierarchy-network.html|.kpi-card.alt-2|border-top-color: var(--accent-3);
site/data\monster-hierarchy-network.html|.kpi-card.alt-3|border-top-color: var(--t-bureau, var(--chart-2));
site/data\monster-hierarchy-network.html|.kpi-card.alt .kpi-value|color: var(--accent-2);
site/data\monster-hierarchy-network.html|.kpi-card.alt-2 .kpi-value|color: var(--accent-3);
site/data\monster-hierarchy-network.html|.kpi-card.alt-3 .kpi-value|color: var(--t-bureau, var(--chart-2));
site/data\perf-canvas-rendering.html|.kpi-row .kpi-card|background: var(--paper-warm); border: 1px solid var(--line); border-top: 3px solid var(--accent); border-radius: 10px; padding: 14px 16px;
site/data\perf-canvas-rendering.html|.kpi-row .kpi-card .label|font-size: 0.78rem; color: var(--ink-soft); letter-spacing: 0.04em;
site/data\perf-canvas-rendering.html|.kpi-row .kpi-card .value|font-size: 1.9rem; font-weight: 700; color: var(--accent); font-family: var(--font-mono, monospace); line-height: 1.15;
site/data\perf-canvas-rendering.html|.kpi-row .kpi-card .desc|font-size: 0.8rem; color: var(--ink-soft); margin-top: 4px;
site/data\perf-canvas-rendering.html|.kpi-card.alt|border-top-color: var(--accent-2);
site/data\perf-canvas-rendering.html|.kpi-card.alt2|border-top-color: var(--accent-3);
site/data\perf-canvas-rendering.html|.kpi-card.alt3|border-top-color: var(--accent-2);
site/data\perf-canvas-rendering.html|.kpi-card.alt .kpi-value|color: var(--accent-2);
site/data\perf-canvas-rendering.html|.kpi-card.alt2 .kpi-value|color: var(--accent-3);
site/data\perf-canvas-rendering.html|.kpi-card.alt3 .kpi-value|color: var(--accent-2);
site/data\theological-intervention-network.html|.kpi-card|background: var(--paper-warm); border-left: 4px solid var(--accent-2); padding: 12px 16px; border-radius: var(--radius-md)
site/data\theological-intervention-network.html|.kpi-card:nth-child(2)|border-left-color: var(--accent-2);
site/data\theological-intervention-network.html|.kpi-card:nth-child(3)|border-left-color: var(--accent-3);
site/data\theological-intervention-network.html|.kpi-card:nth-child(4)|border-left-color: var(--accent-4);
site/data\theological-intervention-network.html|.kpi-card:nth-child(5)|border-left-color: var(--accent-2);
site/data\underworld-power-network.html|.kpi-row .kpi-card|background: var(--paper-warm); border: 1px solid var(--line); border-top: 3px solid var(--accent); border-radius: 10px; padding: 14px 16px;
site/data\underworld-power-network.html|.kpi-row .kpi-card .label|font-size: 0.78rem; color: var(--ink-soft); letter-spacing: 0.04em;
site/data\underworld-power-network.html|.kpi-row .kpi-card .value|font-size: 1.9rem; font-weight: 700; color: var(--accent); font-family: var(--font-mono, monospace); line-height: 1.15;
site/data\underworld-power-network.html|.kpi-row .kpi-card .desc|font-size: 0.8rem; color: var(--ink-soft); margin-top: 4px;
site/data\underworld-power-network.html|.kpi-card.alt|border-top-color: var(--accent-2);
site/data\underworld-power-network.html|.kpi-card.alt-2|border-top-color: var(--accent-3);
site/data\underworld-power-network.html|.kpi-card.alt-3|border-top-color: var(--chart-2);
site/data\underworld-power-network.html|.kpi-card.alt .kpi-value|color: var(--accent-2);
site/data\underworld-power-network.html|.kpi-card.alt-2 .kpi-value|color: var(--accent-3);
site/data\underworld-power-network.html|.kpi-card.alt-3 .kpi-value|color: var(--chart-2);
site/en\bestiary.html|.kpi-card|background: var(--paper); border: 1px solid var(--line); border-radius: 8px; padding: 20px 18px; box-shadow: var(--shadow); text-align: center;
site/en\bestiary.html|.kpi-card .num|font-size: 2rem; font-weight: 700; color: var(--accent); font-family: "JetBrains Mono", monospace;
site/en\bestiary.html|.kpi-card .lbl|font-size: 0.82rem; color: var(--ink-soft); margin-top: 4px;
site/en\character-presence-timeline.html|.kpi-card|flex: 1; min-width: 120px; background: var(--paper); border: 1px solid var(--line); border-radius: var(--radius-md) ; padding: 10px; text-align: center;
site/en\character-semantic-network.html|.kpi-card|background: var(--paper-warm); padding: 15px; border-radius: var(--radius-md) ; text-align: center;
site/en\dashboard.html|.kpi-card|background: var(--paper); border: 1px solid var(--line); border-radius: 8px; padding: 22px; box-shadow: var(--shadow); text-decoration: none; color: inherit; display: block; transition: transform 0.2s, box-shadow 0.2s, border-color 0.2s;
site/en\dashboard.html|.kpi-card:hover|transform: translateY(-2px); box-shadow: var(--elev-2); border-color: var(--accent-soft);
site/en\dashboard.html|.kpi-card .label|font-size: 0.78rem; color: var(--accent); letter-spacing: 0.15em; margin-bottom: 6px; font-family: "JetBrains Mono", monospace;
site/en\dashboard.html|.kpi-card .value|font-size: 2.2rem; font-weight: 600; color: var(--ink); line-height: 1.2; margin-bottom: 4px;
site/en\dashboard.html|.kpi-card .desc|font-size: 0.85rem; color: var(--ink-soft);
site/en\dashboard.html|.kpi-card .detail|margin-top: 8px; font-size: 0.78rem; color: var(--accent-2); border-top: 1px dashed var(--line); padding-top: 6px;
site/en\heaven-power-network.html|.kpi-row .kpi-card|background: var(--paper-warm); border: 1px solid var(--line); border-top: 3px solid var(--accent); border-radius: 10px; padding: 14px 16px;
site/en\heaven-power-network.html|.kpi-row .kpi-card .label|font-size: 0.78rem; color: var(--ink-soft); letter-spacing: 0.04em;
site/en\heaven-power-network.html|.kpi-row .kpi-card .value|font-size: 1.9rem; font-weight: 700; color: var(--accent); font-family: var(--font-mono, monospace); line-height: 1.15;
site/en\heaven-power-network.html|.kpi-row .kpi-card .desc|font-size: 0.8rem; color: var(--ink-soft); margin-top: 4px;
site/en\heaven-power-network.html|.kpi-card.alt|border-top-color: var(--accent-2);
site/en\heaven-power-network.html|.kpi-card.alt-2|border-top-color: var(--accent-3);
site/en\heaven-power-network.html|.kpi-card.alt-3|border-top-color: var(--chart-4);
site/en\heaven-power-network.html|.kpi-card.alt .kpi-value|color: var(--accent-2);
site/en\heaven-power-network.html|.kpi-card.alt-2 .kpi-value|color: var(--accent-3);
site/en\heaven-power-network.html|.kpi-card.alt-3 .kpi-value|color: var(--chart-4);
site/en\monster-hierarchy-network.html|.kpi-row .kpi-card|background: var(--paper-warm); border: 1px solid var(--line); border-top: 3px solid var(--accent); border-radius: 10px; padding: 14px 16px;
site/en\monster-hierarchy-network.html|.kpi-row .kpi-card .label|font-size: 0.78rem; color: var(--ink-soft); letter-spacing: 0.04em;
site/en\monster-hierarchy-network.html|.kpi-row .kpi-card .value|font-size: 1.9rem; font-weight: 700; color: var(--accent); font-family: var(--font-mono, monospace); line-height: 1.15;
site/en\monster-hierarchy-network.html|.kpi-row .kpi-card .desc|font-size: 0.8rem; color: var(--ink-soft); margin-top: 4px;
site/en\monster-hierarchy-network.html|.kpi-card.alt|border-top-color: var(--accent-2);
site/en\monster-hierarchy-network.html|.kpi-card.alt-2|border-top-color: var(--accent-3);
site/en\monster-hierarchy-network.html|.kpi-card.alt-3|border-top-color: var(--t-bureau, var(--chart-2));
site/en\monster-hierarchy-network.html|.kpi-card.alt .kpi-value|color: var(--accent-2);
site/en\monster-hierarchy-network.html|.kpi-card.alt-2 .kpi-value|color: var(--accent-3);
site/en\monster-hierarchy-network.html|.kpi-card.alt-3 .kpi-value|color: var(--t-bureau, var(--chart-2));
site/en\perf-canvas-rendering.html|.kpi-row .kpi-card|background: var(--paper-warm); border: 1px solid var(--line); border-top: 3px solid var(--accent); border-radius: 10px; padding: 14px 16px;
site/en\perf-canvas-rendering.html|.kpi-row .kpi-card .label|font-size: 0.78rem; color: var(--ink-soft); letter-spacing: 0.04em;
site/en\perf-canvas-rendering.html|.kpi-row .kpi-card .value|font-size: 1.9rem; font-weight: 700; color: var(--accent); font-family: var(--font-mono, monospace); line-height: 1.15;
site/en\perf-canvas-rendering.html|.kpi-row .kpi-card .desc|font-size: 0.8rem; color: var(--ink-soft); margin-top: 4px;
site/en\perf-canvas-rendering.html|.kpi-card.alt|border-top-color: var(--accent-2);
site/en\perf-canvas-rendering.html|.kpi-card.alt2|border-top-color: var(--accent-3);
site/en\perf-canvas-rendering.html|.kpi-card.alt3|border-top-color: var(--accent-2);
site/en\perf-canvas-rendering.html|.kpi-card.alt .kpi-value|color: var(--accent-2);
site/en\perf-canvas-rendering.html|.kpi-card.alt2 .kpi-value|color: var(--accent-3);
site/en\perf-canvas-rendering.html|.kpi-card.alt3 .kpi-value|color: var(--accent-2);
site/en\theological-intervention-network.html|.kpi-card|background: var(--paper-warm); border-left: 4px solid var(--accent-2); padding: 12px 16px; border-radius: var(--radius-md)
site/en\theological-intervention-network.html|.kpi-card:nth-child(2)|border-left-color: var(--accent-2);
site/en\theological-intervention-network.html|.kpi-card:nth-child(3)|border-left-color: var(--accent-3);
site/en\theological-intervention-network.html|.kpi-card:nth-child(4)|border-left-color: var(--accent-4);
site/en\theological-intervention-network.html|.kpi-card:nth-child(5)|border-left-color: var(--accent-2);
site/en\underworld-power-network.html|.kpi-row .kpi-card|background: var(--paper-warm); border: 1px solid var(--line); border-top: 3px solid var(--accent); border-radius: 10px; padding: 14px 16px;
site/en\underworld-power-network.html|.kpi-row .kpi-card .label|font-size: 0.78rem; color: var(--ink-soft); letter-spacing: 0.04em;
site/en\underworld-power-network.html|.kpi-row .kpi-card .value|font-size: 1.9rem; font-weight: 700; color: var(--accent); font-family: var(--font-mono, monospace); line-height: 1.15;
site/en\underworld-power-network.html|.kpi-row .kpi-card .desc|font-size: 0.8rem; color: var(--ink-soft); margin-top: 4px;
site/en\underworld-power-network.html|.kpi-card.alt|border-top-color: var(--accent-2);
site/en\underworld-power-network.html|.kpi-card.alt-2|border-top-color: var(--accent-3);
site/en\underworld-power-network.html|.kpi-card.alt-3|border-top-color: var(--chart-2);
site/en\underworld-power-network.html|.kpi-card.alt .kpi-value|color: var(--accent-2);
site/en\underworld-power-network.html|.kpi-card.alt-2 .kpi-value|color: var(--accent-3);
site/en\underworld-power-network.html|.kpi-card.alt-3 .kpi-value|color: var(--chart-2);
site\_template.html|.kpi-card|background: var(--paper); border: 1px solid var(--line); border-radius: 2px; padding: 20px;
site\_template.html|.kpi-card .label|font-size: 12px; font-weight: 500; color: var(--accent); letter-spacing: 0.08em; margin-bottom: 8px;
site\_template.html|.kpi-card .value|font-family: var(--font-mono); font-size: 1.9rem; font-weight: 500; color: var(--ink); line-height: 1.2; margin-bottom: 4px; font-variant-numeric: tabular-nums;
site\_template.html|.kpi-card .desc|font-size: 13px; color: var(--ink-soft);
site\dashboard.html|.kpi-card|background: var(--paper); border: 1px solid var(--line); border-radius: var(--radius-md); padding: 22px; text-decoration: none; color: inherit; display: block; box-shadow: var(--elev-1); transition: border-color var(--dur-base) var(--ease-out-quart), transform var(--dur-base) var(--ease-out-quart), box-shadow var(--dur-base) var(--ease-out-quart);
site\dashboard.html|.kpi-card:hover|border-color: var(--accent); transform: translateY(-3px); box-shadow: 0 0 0 1.5px color-mix(in srgb, var(--accent) 40%, transparent), var(--elev-2);
site\dashboard.html|.kpi-card .label|font-size: 12px; font-weight: 500; color: var(--accent); letter-spacing: 0.08em; margin-bottom: 10px; display: flex; align-items: center; flex-wrap: wrap;
site\dashboard.html|.kpi-card .value|font-family: var(--font-mono); font-size: 34px; font-weight: 500; color: var(--accent-deep); line-height: 1.2; margin-bottom: 6px; font-variant-numeric: tabular-nums;
site\dashboard.html|.kpi-card .desc|font-size: 13px; color: var(--ink-soft);
site\dashboard.html|.kpi-card .detail|margin-top: 10px; font-size: 12px; color: var(--accent-2); border-top: 1px dashed var(--line); padding-top: 8px;
site\dashboard.html|.kpi-card.hidden|display: none;
site\dashboard.html|.kpi-card.filter-enter|animation: cardFadeIn 0.25s ease;
site\dashboard.html|.kpi-card|padding: 16px;
site\dashboard.html|.kpi-card .value|font-size: 26px;
